﻿<?xml version="1.0" encoding="utf-8"?>
<!--Published:70EDFC97-B41D-43C5-B751-7C00AD999804-->
<!--Created:ce44715c-8c4e-446b-879c-ea9ebe0f09c8-->
<OfficeApp xmlns="http://schemas.microsoft.com/office/appforoffice/1.1" xmlns:xsi="http://www.w3.org/2001/XMLSchema-instance" xmlns:bt="http://schemas.microsoft.com/office/officeappbasictypes/1.0" xmlns:mailappor="http://schemas.microsoft.com/office/mailappversionoverrides/1.0" xsi:type="MailApp">

  <!-- Begin Basic Settings: Add-in metadata, used for all versions of Office unless override provided. -->

  <!-- IMPORTANT! Id must be unique for your add-in, if you reuse this manifest ensure that you change this id to a new GUID. -->
  <Id>7b5d9404-d6ea-4ab0-8dc9-9c291a9b69d2</Id>

  <!--Version. Updates from the store only get triggered if there is a version change. -->
  <Version>1.0.0.1</Version>
  <ProviderName>ShareSimple</ProviderName>
  <DefaultLocale>en-US</DefaultLocale>
  <!-- The display name of your add-in. Used on the store and various places of the Office UI such as the add-ins dialog. -->
  <DisplayName DefaultValue="ShareSimple" />
  <Description DefaultValue="Add-in for syncing file in ShareSimple from Outlook" />
  <IconUrl DefaultValue="https://sharesimple.azurewebsites.net/Images/icon64.png" />
<HighResolutionIconUrl DefaultValue="https://sharesimple.azurewebsites.net/Images/icon128.png" />
  <SupportUrl DefaultValue="http://www.contoso.com" />
  <!-- Domains that will be allowed when navigating. For example, if you use ShowTaskpane and then have an href link, navigation will only be allowed if the domain is on this list. -->
  <AppDomains>
    <AppDomain>https://login.windows.net</AppDomain>
    <AppDomain>https://login.microsoftonline.com</AppDomain>
    <!--<AppDomain>AppDomain3</AppDomain>-->
  </AppDomains>
  <!--End Basic Settings. -->
  
  <Hosts>
    <Host Name="Mailbox" />
  </Hosts>
  <Requirements>
    <Sets>
      <Set Name="Mailbox" MinVersion="1.1" />
    </Sets>
  </Requirements>
  <FormSettings>
    <Form xsi:type="ItemEdit">
      <DesktopSettings>
        <SourceLocation DefaultValue="https://sharesimple.azurewebsites.net/myspace.html#/" />
      </DesktopSettings>
      <TabletSettings>
        <SourceLocation DefaultValue="https://sharesimple.azurewebsites.net/myspace.html#/" />
      </TabletSettings>
      <PhoneSettings>
        <SourceLocation DefaultValue="https://sharesimple.azurewebsites.net/myspace.html#/" />
      </PhoneSettings>
    </Form>
  </FormSettings>
 
  <Permissions>ReadWriteMailbox</Permissions>
  <Rule xsi:type="RuleCollection" Mode="Or">
    <Rule xsi:type="ItemIs" ItemType="Message" FormType="Edit" />
  </Rule>
  <DisableEntityHighlighting>false</DisableEntityHighlighting>

  <VersionOverrides xmlns="http://schemas.microsoft.com/office/mailappversionoverrides" xsi:type="VersionOverridesV1_0">
    <Requirements>
      <bt:Sets DefaultMinVersion="1.3">
        <bt:Set Name="Mailbox" />
      </bt:Sets>
    </Requirements>
    <Hosts>
      <Host xsi:type="MailHost">

        <DesktopFormFactor>
          <!-- Location of the Functions that UI-less buttons can trigger (ExecuteFunction Actions). -->
          <FunctionFile resid="functionFile" />

          <!-- Message Read -->
          <ExtensionPoint xsi:type="MessageComposeCommandSurface">
            <!-- Use the default tab of the ExtensionPoint or create your own with <CustomTab id="myTab"> -->
            <OfficeTab id="TabDefault">
              <!-- Up to 6 Groups added per Tab -->
              <Group id="msgReadGroup">
                <Label resid="groupLabel" />
                <!-- Launch the add-in : task pane button -->
                <Control xsi:type="Button" id="msgComposeOpenPaneButton">
                  <Label resid="paneComposeButtonLabel" />
                  <Supertip>
                    <Title resid="paneComposeSuperTipTitle" />
                    <Description resid="paneReadSuperTipDescription" />
                  </Supertip>
                  <Icon>
                    <bt:Image size="16" resid="ribon-icon-16" />
                    <bt:Image size="32" resid="ribon-icon-32" />
                    <bt:Image size="80" resid="ribon-icon-80" />
                  </Icon>
                  <Action xsi:type="ShowTaskpane">
                    <SourceLocation resid="composeTaskPaneUrl" />
                  </Action>
                </Control>
                <!-- Go to http://aka.ms/ButtonCommands to learn how to add more Controls: ExecuteFunction and Menu -->
              </Group>
            </OfficeTab>
          </ExtensionPoint>
          <!-- Go to http://aka.ms/ExtensionPointsCommands to learn how to add more Extension Points: MessageRead, AppointmentOrganizer, AppointmentAttendee -->
        </DesktopFormFactor>
      </Host>
    </Hosts>

    <Resources>
      <bt:Images>
        <bt:Image id="ribon-icon-16" DefaultValue="https://sharesimple.azurewebsites.net/Images/icon16.png" />
        <bt:Image id="ribon-icon-32" DefaultValue="https://sharesimple.azurewebsites.net/Images/icon32.png" />
        <bt:Image id="ribon-icon-80" DefaultValue="https://sharesimple.azurewebsites.net/Images/icon80.png" />
      </bt:Images>
      <bt:Urls>
        <bt:Url id="functionFile" DefaultValue="https://sharesimple.azurewebsites.net/Functions/FunctionFile.html" />
        <bt:Url id="composeTaskPaneUrl" DefaultValue="https://sharesimple.azurewebsites.net/MessageRead.html" />
      </bt:Urls>
      <bt:ShortStrings>
        <bt:String id="groupLabel" DefaultValue="ShareSimple" />
       <!-- Compose mode -->
        <bt:String id="paneComposeButtonLabel" DefaultValue="ShareSimple" />
        <bt:String id="paneComposeSuperTipTitle" DefaultValue="Click button to outlook ShareSimple add-in" />
        
        <!--<bt:String id="customTabLabel"  DefaultValue="My Add-in Tab"/>-->
        <bt:String id="paneReadButtonLabel" DefaultValue="Outlook ShareSimple add-in" />
        <bt:String id="paneReadSuperTipTitle" DefaultValue="Click button to outlook ShareSimple add-in" />
      </bt:ShortStrings>
      <bt:LongStrings>
        <bt:String id="paneReadSuperTipDescription" DefaultValue="Opens a pane from where you can save the email." />
      </bt:LongStrings>
    </Resources>
  <VersionOverrides xmlns="http://schemas.microsoft.com/office/mailappversionoverrides/1.1" xsi:type="VersionOverridesV1_1">
      <Requirements>
        <bt:Sets DefaultMinVersion="1.3">
          <bt:Set Name="Mailbox" />
        </bt:Sets>
      </Requirements>
      <Hosts>
        <Host xsi:type="MailHost">
          <DesktopFormFactor>

            <FunctionFile resid="residDesktopFuncUrl" />
			
			    <!-- Message compose form -->
          <ExtensionPoint xsi:type="MessageComposeCommandSurface">            
            <OfficeTab id="TabDefault">
              <Group id="msgComposeDemoGroup">
                <Label resid="groupLabel" />
                <!-- Task pane button -->
                <Control xsi:type="Button" id="msgComposeOpenPaneButton">
                  <Label resid="paneComposeButtonLabel" />                  
                  <Supertip>
                    <Title resid="paneComposeSuperTipTitle" />
                    <Description resid="paneComposeSuperTipDescription" />
                  </Supertip>
                  <Icon>
                    <bt:Image size="16" resid="ribon-icon-16" />
                    <bt:Image size="25" resid="ribon-icon-25" />
                    <bt:Image size="32" resid="ribon-icon-32" />
                    <bt:Image size="48" resid="ribon-icon-48" />
                    <bt:Image size="80" resid="ribon-icon-80" />
                  </Icon>
                  <Action xsi:type="ShowTaskpane">
                    <SourceLocation resid="composeTaskPaneUrl" />
                  </Action>
                </Control>
              </Group>
            </OfficeTab>
          </ExtensionPoint>   
          </DesktopFormFactor>
        </Host>
      </Hosts>

      <Resources>
        <bt:Images>
          <!-- Ribon icon -->
          <bt:Image id="ribon-icon-16" DefaultValue="https://sharesimple.azurewebsites.net/images/icon16.png" />
          <bt:Image id="ribon-icon-25" DefaultValue="https://sharesimple.azurewebsites.net/images/icon25.png" />
          <bt:Image id="ribon-icon-32" DefaultValue="https://sharesimple.azurewebsites.net/images/icon32.png" />
          <bt:Image id="ribon-icon-48" DefaultValue="https://sharesimple.azurewebsites.net/images/icon48.png" />
          <bt:Image id="ribon-icon-80" DefaultValue="https://sharesimple.azurewebsites.net/images/icon80.png" />

        </bt:Images>
        <bt:Urls>
          <bt:Url id="readTaskPaneUrl" DefaultValue="https://sharesimple.azurewebsites.net/myspace.html#/" />
          <bt:Url id="readTaskPaneUrlMobile" DefaultValue="https://sharesimple.azurewebsites.net/myspace.html#/" />
          <bt:Url id="composeTaskPaneUrl" DefaultValue="https://sharesimple.azurewebsites.net/myspace.html#/" />
          <bt:Url id="composeTaskPaneUrl2" DefaultValue="https://sharesimple.azurewebsites.net/myspace.html#/" />
          <bt:Url id="residDesktopFuncUrl" DefaultValue="https://sharesimple.azurewebsites.net/myspace.html#/" />
        </bt:Urls>
        <bt:ShortStrings>
          <bt:String id="groupLabel" DefaultValue="ShareSimple" />
		  
		          <!-- Compose mode -->
        <bt:String id="paneComposeButtonLabel" DefaultValue="ShareSimple" />
        <bt:String id="paneComposeSuperTipTitle" DefaultValue="Click button to outlook ShareSimple add-in" />
          
          <!-- Read mode -->
          <bt:String id="paneReadButtonLabel" DefaultValue="Outlook ShareSimple add-in" />
          <bt:String id="paneReadSuperTipTitle" DefaultValue="Click button to outlook ShareSimple add-in" />


        </bt:ShortStrings>
        <bt:LongStrings>  

		       <!-- Compose mode -->        
        <bt:String id="paneComposeSuperTipDescription" DefaultValue="Opens a pane from where you can save add-in." />        
        <bt:String id="paneComposeSuperTipDescription2" DefaultValue="Opens a pane where you can see add-in." />

        
          <!-- Read mode -->
          <bt:String id="paneReadSuperTipDescription" DefaultValue="Opens a pane from where you can save the email." />


        </bt:LongStrings>
      </Resources>
    </VersionOverrides>
  </VersionOverrides>
</OfficeApp>
